FirstName,LastName,PhoneNumber,CompanyName
Essie,Vaill,907-345-0962,Litronic Industries
Cruz,Roudabush,602-252-4827,Meridian Products
Billie,Tinnes,212-889-5775,D & M Plywood Inc
Zackary,Mockus,732-442-0638,Metropolitan Elevator Co
Rosemarie,Fifield,808-836-8966,Technology Services
Bernard,Laboy,815-467-0487,Century 21 Keewaydin Prop
Sue,Haakinson,602-953-2753,Kim Peacock Beringhause
Valerie,Pou,610-395-8743,Sea Port Record One Stop Inc
Lashawn,Hasty,626-960-6738,Kpff Consulting Engineers
Marianne,Earman,407-857-0431,Albers Technologies Corp
Justina,Dragaj,901-327-5336,Uchner David D Esq
Mandy,Mcdonnell,503-371-8219,Southern Vermont Surveys
Conrad,Lanfear,330-758-0314,Kahler Karen T Esq
Cyril,Behen,714-772-5050,National Paper & Envelope Corp
Shelley,Groden,210-229-3017,Norton Robert L Esq
Rosalind,Krenzke,763-537-4194,Waldein Manufacturing
Davis,Brevard,330-533-6346,Transit Trading Corp
Winnie,Reich,915-771-2730,Pacific Seating Co
Trudy,Worlds,661-257-3083,Shapiro Mark R Esq
Deshawn,Inafuku,361-884-8433,Telair Div Of Teleflex Inc
Claudio,Loose,732-442-8514,Audiotek Electronics
Sal,Pindell,812-421-4804,Wrigley Robert I Esq
Cristina,Sharper,212-719-3952,Tax Office
Cary,Mccamey,614-225-0900,Williams Scotsman
Haley,Rocheford,303-689-7729,Davis Robert L Esq
Dorothea,Sweem,609-896-5871,Ehrmann Rolfe F Esq
Fannie,Steese,850-222-8103,Chiapete W Richard Esq
Allyson,Gillispie,609-584-1794,De Friese Theo & Sons
Roger,Seid,850-422-1535,Yoshida Gerald C Esq
Dollie,Daquino,512-478-9636,Jd Edwards & Co
Eva,Seahorn,603-673-6072,Saunders Appraisal Inc
Mamie,Mcintee,707-443-0621,Jacobs Brian Realtor
Lyndon,Bellerdine,415-705-1956,A B C Lock & Key
Lashonda,Derouen,703-684-3394,Travel Agent Magazine
Jacklyn,Emayo,973-882-3960,Super 8 Motel Temple
Rubin,Crotts,760-327-0337,Misko Charles G Esq
Boris,Catino,757-627-8408,Dream Homes Usa Inc
Jannie,Bowditch,816-765-0961,Lindsays Landing Rv Pk & Mrna
Colin,Altonen,303-292-5477,Smith Arthur D Esq
Kerry,Evertt,407-332-9851,Washington Crossing Inn
Kathie,Argenti,218-828-9253,Microtel Franchise & Dev Corp
Henrietta,Cintora,304-743-5440,Keyes Judith Droz Esq
Mariano,Maury,732-388-1579,Donut & Sandwich Shop
Lottie,Voll,541-342-7282,Mason Joseph G Esq
Ofelia,Sheffler,805-483-7161,Rimpsey Agency
Gaston,Cieloszyk,724-479-0355,Center For Hope Hospice Inc
Karla,Ken,815-968-0369,Nicollet Process Engineering
Avery,Parbol,503-666-1948,Schlackman William H
John,Chipley,201-224-7741,Manpower Temporary Services
Luella,Pliner,850-434-2521,United Waste Systems
Elvira,Blumenthal,319-524-6237,Stell Mortgage Investors
Tyree,Courrege,713-690-9216,Stitch Craft
Ramon,Amaral,307-332-2667,Air Academy Federal Credit Un
Wilfredo,Gidley,808-924-2610,Mclaughlin John F Esq
Gracie,Ehn,808-247-8624,P C Systems
Dorthy,Alexy,808-247-4421,Frank Siviglia & Co
Bertie,Luby,808-247-8062,Puckett Dennis L Esq
Rudy,Kuhle,212-628-9987,General Insurcorp Inc
Gale,Nolau,607-277-1567,Lust C James Esq
Kenya,Bruni,201-646-9077,Hurley Thomas J Jr
Tricia,Kruss,515-262-3267,Edwards Elwood L
Mack,Jurasin,540-980-4958,Sherman Michael D Esq
Margarito,Kornbau,512-478-0371,Acker Knitting Mills Inc
Lucien,Iurato,718-871-7952,Anderson Consulting
Jarvis,Galas,912-236-8524,Younghans & Burke
Billie,Cowley,215-548-0842,Spears Robert M Esq
Jacinto,Gawron,215-297-0120,Matt Kokkonen Insurance Agency
Randall,Kluemper,603-356-3217,Lifestyles Organization
Enrique,Oroark,212-366-5568,Callaghan Kathleen M Esq
Alva,Pennigton,904-260-2345,Citizens Savings Bank
Socorro,Balandran,724-834-6908,Mooring
Nadia,Wilshire,608-788-4965,Midwest Undercar Distributors
Reginald,Humes,603-569-7730,Cowley & Chidester
Lynda,Caraway,215-564-3171,Lowe Art Museum
Saundra,Mcaulay,419-433-5558,Rcf Inc
Allan,Schwantd,503-434-9666,Micro Wire Products
Wilmer,Constantineau,541-345-4729,Nutra Source
Savannah,Kesich,435-645-0986,Wbnd Am
Dwain,Cuttitta,202-265-7854,Kintech Stamping Inc
Krystle,Stika,281-537-5324,Signature Inn
Felipe,Gould,228-875-2811,Black Ronald H
Steve,Schorr,808-842-7045,Midwest Fire Protection Inc
Naomi,Caetano,201-569-3572,Bashlin Industries Inc
Melody,Saddat,402-397-0581,Richards Edward W Esq
Mitchel,Harnar,307-632-0256,Copycat Quick Print
Sharlene,Circelli,509-783-5167,Calibron Systems Inc
Sean,Bonnet,708-474-4766,Corporate Alternatives Inc
Travis,Brockert,602-995-1362,Santa Cruz Title Co
Candice,Bruckman,515-332-0809,Fernando Foods Inc
Mabel,Weeden,972-235-5619,Pepsi Cola Gen Bottlers Inc
Armando,Papik,501-376-4154,Cryogenic Society Of America
Kevin,Edd,401-453-8514,Peebles William J Esq
Raphael,Bickel,818-246-1195,S Shamash & Sons Inc
Darren,Merlin,217-428-0453,Pozzuolo & Perkiss Pc
Francis,Soo,608-269-7306,Allen Industrial Supply
Nelly,Jakuboski,203-438-9250,Hammerman Stanley M Esq
Mitzi,Ihenyen,212-838-8303,Helm Norman O
Kathleen,Beresnyak,650-349-6809,R & E Associates
Adela,Cervantsz,205-755-4137,Arizona Awards
Randal,Gansen,585-238-8558,Quik Print
Alyssa,Biasotti,845-343-1878,Johnson Hardware Co
Janet,Schaffter,219-853-9283,Hall Camden M Esq
Armando,Kolm,864-260-3642,Cooper & Cooper Cpas
Gil,Scarpa,570-459-9281,Hughes James D Esq
Vanessa,Lewallen,740-625-8098,Fargo Glass & Paint Co
Burton,Brining,330-262-5481,Corcoran Machine Company
Rosalie,Krigger,845-343-2313,Aaron William Esq
Tammie,Schwartzwalde,740-532-5488,Cox Thomas E
Darrin,Neiss,309-852-5127,Delaney James J Jr
Rosalia,Kennemur,318-335-5586,Reagan Thomas J Esq
Callie,Leboeuf,989-354-3344,Town Motors
Patty,Bernasconi,808-531-2621,Porter Wright Morris & Arthur
Elmo,Gabouer,215-862-6538,Conduit & Foundation Corp
Logan,Muhl,215-757-6124,Brown Phillip C Esq
Vivian,Brzostowski,215-788-2791,Savage Philip M Iii
Efren,Baucher,215-598-4644,R O Binson Inc
Kurtis,Mcbay,215-946-6048,P C Enterprises Ltd
Guillermo,Tsang,215-949-7912,Gillis Donald W Esq
Milton,Kuhlman,870-836-9021,Imag Corp
Naomi,Greenly,256-845-1216,Kpmg Peat Marwick Llp
Mary,Maurizio,419-822-7176,Carey Filter White & Boland
Caitlin,Reiniger,419-468-6910,White Lawrence R Esq
Coleman,Cuneo,724-627-4378,M & M Mars
Rachel,Larrison,440-282-3729,Ipa The Editing House
Dwayne,Maddalena,309-347-1137,Ebbeson James O Esq
Angelique,Schermerhorn,386-328-7869,Safety Direct Inc
Junior,Wadlinger,330-393-9794,Sonos Music
Darrel,Tork,708-865-8091,S & T Machining
Lana,Garrigus,503-434-2642,Russell Builders & Hardware
Jonathon,Waldall,843-549-9461,Mission Hills Escrow
Kristine,Paker,641-782-7169,Chagrin Valley Massotherapy
Dwain,Agricola,270-259-5194,Beatty Satchell Everngam & Co
Jewel,Agresta,708-449-7139,Md Assn Cert Pub Accts Inc
Georgette,Bandyk,804-796-2746,Specialty Alumn Castings Inc
Geri,Forness,812-738-9416,Quality Dynamics Group
Modesto,Scroggie,908-980-5621,Bulloch Bruce Cpa
Curt,Menedez,813-932-8602,J & J Machinery Repair Inc
Karen,Zombo,813-872-4288,Healthcare Family Credit Union
Lora,Lendor,407-870-0382,Advanced Electromagnetics Inc
Felipe,Mahone,808-536-3239,Apartment Mart
Rosalyn,Daulton,973-338-8552,Rodgard Corp
Marquita,Bousman,845-986-0909,Constantine Katherine A Esq
Carla,Sirbaugh,310-412-6653,Urso Natale L Esq
Wes,Fontanella,310-515-3065,Woodside Travel Trust
Meredith,Ivrin,217-446-7172,Hamilton Financial Corp
Laurie,Bigg,586-247-6171,Essc Inc
Barton,Friesner,845-896-6652,Optical Supply
Sophie,Langner,808-545-7695,Kapetanakis Alexander Esq
Garfield,Lijewski,773-976-3827,Denker Aaron Esq
Warren,Speach,908-322-3846,E Norwalk Crmc Tile & Mrbl Co
Madonna,Cosby,415-956-4437,Emanuel Reider Architects Inc
Valeria,Lingbeek,215-968-8421,Recreation Director
Heath,Vanalphen,508-487-6010,California Stat Min & Mnrl Mus
Marisa,Woldridge,301-759-7421,Wegner Tim Esq
Rene,Dummermuth,973-292-7918,Super 8 Motel
Helga,Windle,808-487-7779,Loew Andrea H Esq
Margot,Arenburg,407-896-1593,Mcivor Carolyn Md
Sheila,Holloran,419-547-9428,Warehouse On Wheels
Melinda,Carleton,631-399-1636,Cenol Co
Ike,Zeolla,202-331-1409,Halpin Irene A Esq
Elmo,Dagenais,804-796-5647,P C Routing Inc
Valentine,Granberry,407-775-4269,Sunnyvale Travel
Waldo,Sisk,727-934-3827,Muller Drugs Inc
Robt,Braithwaite,641-342-1276,Meyer Janet Md
Corinne,Cowan,406-628-4030,Ward Equipment Co
Rebeca,Brumet,773-772-4015,Kingston Office Supplies Inc
Lynn,Saulsberry,602-272-8326,Printing Factory Inc
Hannah,Facio,706-283-8280,Cmptr Pros For Scl
Benjamin,Schkade,907-278-8687,Port Brownsville Pub Scale Inc
Athena,Fontanilla,215-438-9675,Willamette Hobbies
Alene,Rabeck,708-333-8056,Bucks County Of
Yvette,Kokoska,650-468-3592,Automation Products Inc
Petra,Clemmens,561-394-2152,Belton Industries Inc
Carmel,Overfelt,561-965-5167,Woodworkers Supply Inc
Danette,Fostervold,408-225-1319,Flach Douglas Esq
Vince,Ettel,402-399-6999,Breen Trucking
Davis,Heideman,817-332-7902,Dennis J Wall Atty At Law Pa
Bradly,Hasselvander,310-374-2374,Public Works Department Office
Nathanial,Phoenix,405-748-7637,Precision Steel Rule Die Co
Lamar,Mckibben,415-864-7338,Battaglia Jack M Esq
Shanna,Numkena,507-280-1856,Anderson Independent Mail
Helena,Suermann,650-965-0255,Stubenberge James A Esq
Delphine,Helmich,831-763-4348,Friends Hospital
Barbara,Hindley,818-841-8886,Kirin Amgen
Sheryl,Sisofo,419-865-8702,Thrifty Sign Stop
Robyn,Christophel,702-458-1072,Woodward John C Esq
Gayla,Geimer,909-620-6453,Ortman Mccain Co
Evan,Pyfrom,214-661-4625,Nevada Baking Co
Chad,Miklas,716-655-2736,Red Carpet Inn
Trey,Tout,715-526-6806,Breen Sean E Esq
Isabell,Armout,301-921-0406,True Electric Corp
Alejandro,Mascall,703-684-2882,Railway Educational Bureau
Kennith,Kirklin,615-385-1598,Sears Roebuck And Co
Ike,Benthin,415-255-5277,Lee Harry Esq
Donald,Sherretts,415-255-7718,Nylonge Corporation
Lina,Hybarger,202-833-4983,L & H Central Office
Rebekah,Padley,312-944-1877,Reed Engineering Inc
Marion,Gaulden,434-979-9335,Madden John H Jr
Maurine,Monroy,201-947-8922,Central Distribution System
Rosanna,Sandrock,404-627-4604,Computer X Consulting
Marcelino,Maggs,407-420-1152,Rascher & Betzold Inc
Florine,Willardson,503-256-6559,Lunt Donald C Esq
Jude,Haza,615-790-3984,Howard Fabrication
Eldon,Sutch,215-743-2414,Friesen And Kane Public Accts
Lashonda,Enote,818-704-8490,Nichols Village The Inn
Marla,Folz,256-464-3329,Odonoghue C Kevin
Reginald,Lunan,408-727-1747,Healey Chevy Olds Buick Geo
Kyle,Lindauer,602-258-5196,Gem Tec Inc
Son,Marschke,570-969-0886,Evenings Dlght Fireplaces
Johnie,Minaai,201-592-4771,Darling Pamela E
Kelli,Varrato,858-298-3969,Frances Meyer Inc
Neva,Marsell,320-523-4975,Comfort Inn Wilshire
Brice,Hedglin,615-292-9016,Cupkovic Walter D Esq
Terrance,Nimmer,248-647-0653,C D Short Foods Inc
Carol,Krisman,212-472-7877,Uniglobe Transeas Travel
Dollie,Pillitteri,260-489-3094,Jiffy Moving & Storage Company
Mellissa,Sule,949-768-6176,Dowse Geoffrey Esq
Antony,Thierauf,208-667-5252,Gutzwiller Robert H Esq
Reina,Reisenauer,972-225-9930,Terrance Fox
Zane,Sulikowski,951-683-4479,Meijer Associates Credit Union
Hilario,Cassa,310-828-6710,Independence Assocaites Inc
Veronica,Radman,434-979-3306,Martin Anthony D Esq
Teri,Erlewine,727-327-3850,League Of Kans Municipalities
Alissa,Mountjoy,707-585-9715,Technical & Mgmt Svc Corp
Helene,Iberg,440-786-6052,Spec Check Inc
Lona,Scronce,570-296-4820,L & L Builders
Jeremy,Lampi,570-296-7797,E Henderson Inc
Mitch,Schattner,415-668-8105,Cosgrove Eisenberg & Kiley Pc
Hans,Carlan,907-276-2956,Midlen & Guillot Chartered
Concetta,Sarchett,816-274-3833,Barco/chromatics Inc
Isaac,Zackery,973-328-5943,Holiday Inn Of Issaquah
Doug,Matrisciano,425-451-5906,Cefpi
Devon,Samrah,407-240-2401,Software Pursuits Inc
Amos,Linnan,773-277-8332,Quincy Jim
Manuel,Dienhart,513-357-4669,Bohning Co Ltd
Audra,Cantu,908-756-1816,Chesapeake Telephone Systems
Keisha,Ransonet,907-488-6897,Hsk Decker
Rolando,Baumann,503-241-6723,Erie Brush Co
Maryanne,Whyman,213-748-1137,Walls Robert E Esq
Kurtis,Asberry,915-591-1621,Budgetel Inns
Ed,Gompf,570-799-2838,Corro Therm Inc
Norman,Betance,480-991-7884,Precision Electric Co Inc
Berta,Karczewski,480-926-0770,Sather Eng Inc
Mac,Marksberry,402-845-4275,Pursell David B Esq
Sandra,Graen,320-587-3844,Action Remediation Co
Lee,Javens,262-763-9582,Dyer James R Esq
Fran,Zanders,208-525-6418,River City Body Co
Lane,Brantz,320-587-2903,Kings Inn
Bess,Marso,714-895-4582,Lesher Printers Inc
Tamara,Declue,713-871-3958,Glen Burnie The Bank Of
Denise,Speegle,847-870-8743,Shipley Oil Company
Lynda,Youtsey,541-342-0606,Accurate Color Inc
Diann,Burigsay,310-321-8278,Snyder Stephen E Esq
Mari,Hwang,949-583-6901,Play Craft Pontoon Co
Shanna,Neundorfer,215-426-9722,Door Systems
Sherwood,Detillier,818-703-9160,Minteq International
Walton,Schwallie,508-529-8783,Nielsen Laura W Md
Judy,Gartenmayer,321-676-3091,Pro Infusion Pharm Inc
Antione,Mccleary,701-293-8410,Cerberus Pyrotronics
Kay,Ganguli,702-876-3089,Hanson Bruce Esq
Oma,Duffy,937-746-7537,Laun Law Offices
Devon,Teston,713-871-9773,Bilton Dean H Esq
Jade,Erlebach,805-445-8331,Vickery Tape & Label Co Inc
Roseann,Jerko,856-866-4945,Larry Farmer Appraisal Co Inc
Ruthie,Zortman,510-651-1410,Review Monterey Peninsula
Leif,Arguin,510-651-4937,Cmplt Cmptg Solutions Ne
Millicent,Ekstrom,812-537-7287,Personal Creations Inc
Val,Oborne,818-767-1347,Stone Container Corporation
Bridgett,Retort,713-466-7259,Womens Resource & Refrl Ntwrk
Tia,Lino,541-466-2483,Superior Gundrilling
Jarrett,Kenzie,804-739-3007,Young Men Christian Assn Cnty
Mara,Vanderzwaag,409-892-1231,Brown & Brown Law Office
Tiffany,Knust,408-453-0357,Vantage Products
Fabian,Mcshaw,323-726-5319,Bodik Michael G Esq
Annabelle,Coger,318-865-8418,Center For Resource Management
Marisa,Smiler,631-673-3339,Star Systems Inc
Samantha,Bordwell,305-247-8402,Interwest Freight System Inc
Felecia,Riedl,801-486-6484,Benson John S
Kris,Persson,541-475-8404,Tweel Ronald R Esq
Kylie,Bridgeman,412-741-4604,Thomas & Libowitz Pa
Eduardo,Bellendir,570-822-0721,Powers & Assocs
Waldo,Edberg,662-842-4133,Bush Building Corporation
Brent,Vaidya,203-359-2824,Crain Industries
Bette,Barcelona,907-456-6738,Fischer William R Esq
Rich,Gleave,907-277-9294,Finkelstein Bernard A Cpa
Lyman,Whittley,415-332-9570,Berry Robert A Esq
Maryann,Garnette,717-560-6671,Catholic University Of
Jimmie,Zarzycki,719-632-0667,John C Auth
Gisela,Kosicki,818-713-6306,Lisher John L Esq
Marlene,Hammeren,256-533-8674,Chamot Philip S Esq
Kris,Stanzak,563-557-2588,Cenref Labs
Roman,Simone,513-732-3089,Spottswood William B Esq
Cathryn,Nicolaus,530-345-4627,Perkins Photo/graphics Inc
Lana,Keels,732-462-1106,Veron J Michael Esq
Malissa,Ziesemer,561-655-6443,Electron Rentals Inc
Pamala,Brodtmann,808-926-0776,Gagen William E Jr
Heriberto,Tivis,919-460-8104,Newood
Edgardo,Prudente,972-660-3960,R A Hamilton Corp
Fred,Kunde,805-991-9740,Swanson Victoria C Esq
Pilar,Suddeth,949-852-5463,Slant Fin Corp
Eliseo,Wice,512-458-0034,A Limousine Service
Bridget,Knightly,828-251-0817,Teamsters Union Local 20
Tori,Villaescusa,213-748-7617,Church Point Whol Gr Co Inc
Claire,Moyerman,303-337-5701,Grt Nthrn Shoe Rpr & Dry Clnrs
Judi,Kivel,316-267-2178,Postal Place At 111th Square
Terrell,Rodda,732-563-5361,Woodland Village Nursing Home
Jasmin,Gum,978-562-2524,White Samuel I Esq
Bridget,Bottella,210-224-9708,Mid State Construction Prod
Tami,Trybus,513-561-1096,Seawright Rodney
Maynard,Kaewprasert,213-747-6026,Decatur Studio Inc
Viola,Mcsorley,708-496-7428,First Bank Of Brunswick
Reggie,Streu,973-575-5898,Als Motors Inc
Rena,Griffeth,818-709-9165,Reliable Optical
Pierre,Salera,626-303-9233,Ridley Ridley & Burnette
Carolina,Kinlaw,908-874-0864,Loftus Daniel B Esq
Alejandra,Prenatt,708-496-6958,Mitchell De Burring Co
Quintin,Isacson,323-469-0643,Spectrum Constrctn & Dev Corp
Robin,Grotz,903-792-2081,Hackett Peter J
Lacy,Woodfin,570-348-3754,Enviro Dynamics
Daniel,Zill,818-507-7207,Safety Team Inc
Reina,Wolchesky,218-828-7281,Highland Management Group
Marc,Wanger,617-426-6393,Welsh Company
Damion,Matkin,303-295-4797,Data Ware Development Inc
Lucius,Winchester,630-289-9458,Barrett Paving Materials Inc
Petra,Mcnichol,630-289-8190,Hyacinth Foundation Aids Proj
Katina,Ramano,718-272-2553,Fuhrmann Chris C Esq
Leslie,Cackowski,505-325-3933,Re Matthew R Esq
Cristopher,Wiget,505-598-9742,Roche Patrick Esq
Garth,Skiffington,973-684-7654,Fox & Killbride
Brendan,Qin,478-374-5686,Allegro Copy & Print
Chase,Furler,785-354-7091,Hostetler & Kowalik
Marietta,Bjornberg,406-728-0501,Consolidated Mechanical Inc
Carmella,Wishman,406-728-6772,Meicher Cpa
Erica,Eyrich,406-728-7293,C & I Computer Services Inc
Lucius,Bagnoli,812-867-2916,American Music Teacher
Bart,Hachey,330-533-9769,Pip Printing
Isiah,Phernetton,631-727-0917,Wyckoff Florist & Gifts
Morton,Crummell,303-546-3698,Boykin Management Co
Prince,Kauk,623-581-7435,Mckesson Drug Co
Marta,Horner,858-265-2270,Scisci Pasquale M
Teodoro,Gaboury,330-783-8123,Bostek Eva M Dvm
Jess,Assad,402-331-0470,Livingston City
Freeman,Soula,479-394-6308,Henson Claudia
Rita,Center,337-269-8825,R D Playman Co
Kira,Papen,619-464-3649,Tile City & Carpet Of Pa
Miquel,Demicco,303-730-8080,Welk Resort Center
William,Mahmud,516-365-3496,Campbell Inn
Lacy,Belmont,914-241-8888,House Boat Rentals Inc
Van,Leanen,573-365-0319,Mail Boxes Etc
Mayme,Staub,908-234-9338,River House Hotel
Gregg,Guevarra,910-799-9811,Arbor Center
Minh,Leclare,641-582-0973,Osach Ronald C Esq
Joey,Sedore,661-273-4188,Goodwill Speciality Co
Jeanie,Dalen,215-788-5062,Ivs Media Inc
Eddie,Gauer,515-233-2381,Easy Mail
Jessie,Barkle,325-677-1190,Days Inn Airport By Mall Amer
Deandre,Resendiz,208-733-8306,Sav Mart
Janet,Rathrock,815-877-4376,Ryder Edward A Esq
Denice,Nordlinger,915-593-2344,Bickel Daniel R Cpa
Danny,Dales,602-225-9543,Barrett Bindery Co
Robbie,Deshay,916-372-5032,Cornhusker Press
Carla,Humble,818-768-0662,Express Printing Center
Ashley,Leonesio,212-227-3681,Martinique Resort Hotel
Josephine,Sotlar,202-783-2772,Shipp Storage
Derek,Kreutzbender,414-271-5253,Recycle Metals Corp
Kira,Staffon,808-949-0941,International Management Assoc
Isaac,Davensizer,808-544-5794,Dillon Measurement Instruments
Reva,Bayer,206-634-9998,Hirt Stanley Esq
Melvin,Auteri,617-247-8022,Interstate Unltd Fed Crdt Un
Stephen,Seiters,817-947-3102,Us Mortgage Corp
Lucas,Santellana,602-225-3469,Constantino James P Esq
Traci,Toomey,307-733-9708,Pea Press
Vernice,Resendes,818-768-6234,Sorrento Cheese Co Inc
Hillary,Holmes,530-626-1934,Dennis N Brager Law Offices Of
Robin,Schartz,530-477-9983,Fairmount Country Club
Sabrina,Deppert,602-954-4343,Americold
Luciano,Truiolo,626-792-6850,Currier Gallery Of Art
Ezekiel,Mildon,617-494-5618,Ace Pro Pest Cntrl Inc
Hanna,Cinkan,305-477-7869,Northbrook Flowers
Kory,Wooldridge,312-753-6734,Paper Stock Dealers Inc
Darrel,Ruffins,727-821-8502,Brickman Arthur Cpa
Miranda,Hammitt,956-541-5918,Steindel Carl R Md
Sadie,Rowlett,718-365-1753,Port City Taxi Inc
Deanna,Gerbi,201-433-0391,Centerville Historical Society
Alfonso,Griglen,419-634-3513,Paul D Friedman
Vernon,Engelman,920-748-1387,Atlas Metal Cutting Inc
Johnnie,Rheaves,714-632-1291,Roberts James A Cpa
Ella,Pahnke,830-367-8513,Davis Randle S Esq
Veronica,Achorn,915-772-3217,Guy Spradling
Kasey,Nguyen,303-440-3916,Pettine Paul A Iii
Frankie,Morein,203-975-3712,Oliver Jerrold B Esq
Elaine,Renzi,212-826-7966,Delvel Chem Co
Timothy,Janski,907-344-4330,Snyder Chevrolet Olds Geo Co
Warren,Hacher,325-691-7220,Josel Stephen C Esq
Brant,Darnel,440-974-8416,Cody Daniel S Esq
Mara,Rineheart,610-262-2444,Berry Naturipe Growers
Karen,Flierl,512-477-1826,Cook Vetter Doerhoff
Virgil,Chinni,808-841-9811,Dorfman Abrams Music & Co
Jimmie,Kertzman,808-841-2883,Oregon Pacific Trading Co
Leif,Bachta,808-682-8942,Hislop Lorna Brumfield Esq
Ione,Kucera,808-671-5253,Tweedy Penney & Crawford
Doreen,Sakurai,212-759-4757,Airlifter
Joel,Nardo,561-395-2277,New Era Canning Co
Neil,Backus,212-537-4955,Smith Capital Management
Fausto,Marks,617-451-9353,Donohue Brian C Esq
Christa,Bodenschatz,217-443-6280,Stationers Inc
Chi,Greenlaw,480-946-1537,E & T Screw Machine Products
Kyle,Ferri,907-272-2216,Ames Plumbing & Heating
Freida,Michelfelder,404-521-3372,Fun Discovery Inc
Bryant,Bouliouris,307-733-8286,Medlin Charles K Jr
Emilia,Oxley,214-702-8125,Buckeye Reserve Title
Naomi,Mcraven,425-641-5463,Oak Brook Capital Corp
Dionne,Borycz,301-294-0154,Pepsi Cola Dr Pepper Bottling
Jimmy,Hrobsky,858-268-4663,Howard Johnson
Peggy,Hohlstein,413-543-2933,Steritek Inc
Genevieve,Kekiwi,812-477-3620,Lawson John F Esq
Terra,Plagge,812-477-9524,Beach Jeffrey E
Allie,Pumphrey,812-477-0753,Asher Ronald L Md
Katina,Survant,208-587-3734,Kgtv Channel 10
Marta,Warran,509-735-8388,Wirth John T Esq
Rebekah,Lindboe,972-556-1121,Granite Corporation
Roxie,Varenhorst,614-487-2917,Good Neighbor Real Estate
Kennith,Peto,770-455-4277,Kirschbaum Thomas A Esq
Darrell,Amrich,919-362-8201,Harris James P Iii
Savannah,Loffier,918-337-3201,Saint Charles Catv
Martin,Carley,828-586-3914,Heil John P Esq
Lacy,Hyten,609-683-3558,Buy & Sell Press
Forest,Orea,773-436-4531,Clark Francis J
Courtney,Shishido,907-279-2737,Beymers Jewelry
Annette,Frietas,212-944-8670,Monsanto Chemical Company
Karyn,Jinks,972-289-4090,Maslen David Esq
Edwin,Lavelli,330-385-4581,Letterguide Co
Jimmie,Barninger,209-525-7568,California Paint & Wlpaper Str
Merle,Wyrosdick,732-938-7301,Keil James J Esq
Amelia,Caputo,907-456-1748,Security Marketing Agency
Germaine,Bruski,907-456-8225,Alloy Founders
Willa,Dutt,907-456-2885,Gutmann Leather Co Inc
Cherie,Fuhri,907-456-9072,Continental Baking Co
Tyron,Quillman,703-354-9266,Analysts International Corp
Charity,Dyckman,907-349-9880,Marriott Frank Jr
Nanette,Turansky,610-250-6188,Sheraton Society Hill Hotel
Cherie,Schronce,818-718-2001,Varda John Duncan Esq
Theron,Hambright,616-392-2074,Sensor Oil And Gas Inc
Laurie,Bibbs,505-881-2899,Action Nursing Care Llc
Angelo,Ferentz,323-262-5047,Reagan William L Esq
Denver,Topete,858-457-3538,Insight Cablevision
Tommie,Reuland,818-361-4035,Schaff Michael D Esq
Delmer,Delucas,716-874-1439,American Processing Co Inc
Latisha,Bahls,513-784-5007,Search South Inc
Simone,Lundie,215-732-9026,Casebolt Victor S Esq
Ross,Spurger,618-453-9968,Hoover Group Inc
Abel,Tuter,610-370-6549,Wernsing Plumbing & Heating
Beverley,Bunche,305-591-4141,Nurses Organization Vets Affrs
Lizzie,Torregrossa,508-997-1409,Salerno & Son
Tia,Neumaier,407-660-7426,Carterville Mini Storage
Lesa,Chantry,215-923-0136,Lutz Cichy Selig & Zeronda
Marcelo,Arostegui,417-336-9702,Moraschs Quality Meats
Jimmie,Hardgrove,212-980-0445,Prosthodontic Associates
Renae,Eldrige,585-591-3118,Pexco Packaging Corp
Tisha,Gorder,312-642-2897,Paroly Rampart Sec Systems
Clarice,Knower,773-846-1489,Yaffa Andrew B Esq
Sybil,Marmerchant,717-845-4718,Blvd Distillers & Importers
Floyd,Veazey,323-862-9133,Ramada Inn San Fran Arprt N
Reyna,Bangle,516-627-8715,C & R Contractors Inc
Owen,Sparacino,901-324-9274,Murtha Thomas D Esq
Eli,Bettner,509-689-7964,Shea David J Esq
Taylor,Fogerty,303-465-0070,Khoury Factory Outlet
Reva,Lecates,904-261-0604,First American Rlty Assoc Inc
Rodrigo,Wildrick,727-323-5060,Midwest Wrecking Company Inc
George,Tukis,229-924-0263,Andow Personnel Services
Titus,Rodreguez,858-571-0819,Vasquez & Co
Emilio,Lampkin,856-629-8933,Hendricks Kenneth J Cpa
Maryjane,Arata,775-352-5822,Larson John R Esq
Marcie,Shulz,210-524-6711,United Printers Inc
Celia,Slavin,773-256-3550,Acra Aerospace Inc
Suzette,Devaughan,201-342-8964,Anchor Graphics Inc
Christian,Marnell,937-293-9728,Wenick George D Esq
Misty,Ericksen,509-235-8873,Graham & Associates Inc
Bert,Schadle,817-921-5560,Guaranty Chevrolet Geo
Bertram,Quertermous,302-655-8039,Florida Mining & Materials
Buster,Wubbel,215-943-3689,Collins Joseph B Esq
Mildred,Gallegas,302-792-8044,Rogers William A Jr
Pat,Hoshaw,610-644-7836,Jorgensen James L Esq
Marshall,Hutch,724-225-1729,Nako Joy Y
Don,Mestler,609-737-2033,Coldwell Bnkr Hearthside Rltrs
Emery,Reek,912-635-3866,Metri Tech Engineering Inc
Ray,Srock,480-585-6138,Tilt Lock Inc
Nickolas,Khosravi,949-646-6578,Brennan Mary V Esq
Aileen,Mottern,201-944-1664,Bennett Hallmark Cards
Chad,Araiza,715-359-8700,Christiansen David L Cpa
Beverly,Cambel,907-272-3953,Mcintyre Mcintyre & Mcintyre
Janice,Twiet,909-874-6739,Henley Cal Pa
Byron,Fortuna,406-549-8320,Jackson & Collins Pa
Lynette,Setlock,216-566-2265,George S Olive & Co
Willard,Roughen,817-265-1847,Nakamura Oyama & Assocs Inc
Elisa,Gracely,718-627-1421,Alexander Christine T Esq
Jeri,Farstvedt,818-986-8843,Regan Denis J Esq
Stacey,Blow,909-874-0274,Schechter Jeffrey S Esq
Bryan,Rovell,201-939-2788,All N All Shop
Joey,Bolick,405-728-5972,Utility Trailer Sales
